prompt_id,model,gen_id,response,plain_language,visual_accessibility,interaction_simplicity,confirm_steps,empathy_tone,weighted_score
SENIOR_P1,ollama_llama2,SENIOR_P1_llama2_gen1,"Hello there! *smiling face* I'm here to help you understand digital consent and privacy in a simple way. Giving consent means saying yes or okay to something that will happen online. When you use a chatbot like me, you are giving permission for the chatbot to talk to you and help you with tasks. *keyboard typing*

Here are some important things to know about giving consent:

üîç You have control over what information you share with the chatbot. You can choose what you want to tell me, and what you don't want to tell me. *checkmark*

üí≠ The chatbot will only use the information you give it for the tasks you ask it to do. It won't keep your information without your permission. *lock icon*

üìö You can always check what information you gave to the chatbot and delete it if you want. *trash can icon*

üí¨ It's important to only give consent for things you feel comfortable with. If you have any questions or concerns, feel free to ask me! *helpful face*

Summary: Giving consent means saying yes to something that will happen online. When using a chatbot, you have control over what information you share and can always check and delete it if needed. It's important to only give consent for things you feel comfortable with. üòä",5,3,4,2,5,3.8
SENIOR_P1,ollama_mistral,SENIOR_P1_mistral_gen1,"Title: Understanding Digital Consent for Chatbot Services

1. When you start using a chatbot service, it means you agree to certain rules. This is called giving your consent.

2. These rules are often found in a document called Terms of Service or Privacy Policy. They explain what the chatbot can and cannot do with your information.

3. Your consent lets the chatbot help you with tasks like answering questions, setting reminders, etc. But it also means you're sharing some of your personal details with the service.

4. It's important to read these rules before using the chatbot so you know exactly what you're agreeing to.

5. If you don't understand something in the Terms or Privacy Policy, ask for help! There are resources available to explain these things in simple terms.

6. Remember, once you give consent, you can change your mind at any time. Look for an option to ""withdraw consent"" or ""opt out."" This means you can stop sharing your information if you want to.

7. Giving digital consent to a chatbot service is like saying it's okay for the service to use your personal information to help you, but only as long as you understand and are comfortable with its rules.

In summary, giving consent to a chatbot service means agreeing to its rules about how it can use your personal information. It's important to read these rules before using the service, and you can change your mind at any time if needed. Always ask for help if something is unclear!",4,2,3,4,4,3.4
SENIOR_P1,ollama_llama2,SENIOR_P1_llama2_gen2,"Hello there! *smiling face* I'm here to help you understand digital consent, which is important for using chatbot services like me. ü§ñ

So, what is digital consent? Well, it means giving permission for a computer or device to do something with your personal information. *hand gesture* Think of it like lending a friend your car. You would want to make sure they know where they can and can't drive it, right? üöó

Here are some key things to remember about digital consent:

üåü When you give consent, you're telling the chatbot or computer what you're comfortable with. It could be things like sharing your name, age, or location. *nodding*

ü§î If you don't give consent, the chatbot might not be able to do some things it needs to do to help you. Like a friend, they want to make sure they're doing what's best for you! üíï

üìù It's important to think about who can see your personal information and how it will be used. Imagine if someone were to take a picture of you without your permission ‚Äì you wouldn't want that, right? *shaking head*

üîç When you give consent, you're helping the chatbot learn more about you so it can provide better help in the future. It's like when you tell a friend about your favorite hobby ‚Äì they can use that information to recommend things to you! üéâ

So, to summarize: giving digital consent means letting a chatbot or computer know what you're comfortable with it doing with your personal information. It's important to think carefully about who can see this information and how it will be used. By giving consent, you're helping the chatbot learn more about you and provide better help in the future! üòä

I hope this helps! Let me know if you have any questions or need further clarification. ü§î",4,2,3,1,4,3.0
SENIOR_P1,ollama_mistral,SENIOR_P1_mistral_gen2,"Hello there! I'm here to help explain digital consent in a way that's easy to understand. Let's get started:

1. **What is Digital Consent?** When you use a chatbot service online, giving your permission (or consent) means agreeing to let the chatbot do certain things with your information.

2. **Why is it important?** Your consent helps keep your personal information safe and protected while using the chatbot service. It's like saying ""yes"" to letting the chatbot help you, but only if it follows some rules you agree on.

3. **What do I need to know about my consent?** When you start using a chatbot service, you will usually see a page that explains what information they collect and how they use it. This is called a ""Privacy Policy."" Take your time to read it so you know exactly what the chatbot can do with your personal details.

4. **What should I watch out for?** Be wary of any chatbots that ask for too much information or don't clearly explain how they will use your data. It's always a good idea to be cautious and only share what you feel comfortable sharing.

5. **Can I change my mind about giving consent?** Yes! You can usually change your mind and withdraw your consent at any time. The chatbot service should provide instructions on how to do this, often in their Privacy Policy or Terms of Service.

6. **In summary:** Giving digital consent means saying yes to using a chatbot service while agreeing to let them handle your personal information according to certain rules. It's important to understand what you are agreeing to before using the service and always be cautious when sharing your details online.",4,3,4,3,4,3.7
SENIOR_P1,ollama_llama2,SENIOR_P1_llama2_gen3,"Title: Understanding Digital Consent for Older Adults

Introduction:
Hello! As a chatbot, I'm here to help you understand the concept of digital consent. It's important to know what it means when you give consent to use a service like me. Let's dive in!

What is Consent?
‚Ä¢ Consent means giving permission for something to happen or for someone to access your personal information.
‚Ä¢ When you give consent, you are making an informed decision about sharing your data with a service or app.

Why is Consent Important?
‚Ä¢ Your privacy and security are important, and giving consent helps protect them.
‚Ä¢ When you don't give consent, it can put your personal information at risk of being shared without your knowledge or control.

How Do You Give Consent?
‚Ä¢ To give consent, you usually need to do something like click ""Agree"" or ""Accept.""
‚Ä¢ This is called ""active consent,"" which means you're actively choosing to share your data.
‚Ä¢ Some services might also ask for passive consent, where you don't have to do anything but don't opt-out of sharing your data.

What Happens When You Give Consent?
‚Ä¢ When you give consent, the service or app can access and use your personal information as agreed upon.
‚Ä¢ The service or app might use this information for things like customizing their services, improving their products, or sending you relevant messages.

Why Should You Care About Digital Consent?
‚Ä¢ It's important to know what you're agreeing to when you give consent.
‚Ä¢ Your personal information is valuable, and giving consent helps protect it from being misused.
‚Ä¢ By understanding digital consent, you can make informed decisions about how your data is used.

Summary:
Consent means giving permission for someone to access or use your personal information. It's important to understand what you're agreeing to when you give consent, as it helps protect your privacy and security. When you give consent, the service or app can use your personal information as agreed upon. By understanding digital consent, you can make informed decisions about how your data is used.",4,2,3,2,4,3.2
SENIOR_P1,ollama_mistral,SENIOR_P1_mistral_gen3,"Title: Understanding Digital Consent for Chatbot Services

1. Giving consent means agreeing that it's okay for something to happen.
2. When you use a chatbot service, you may need to give your agreement or consent.
3. This is important because the chatbot needs your permission to collect and use some of your information.
4. Information like your name, questions you ask, or things you tell the chatbot are examples of data it might collect.
5. Giving consent usually involves reading and accepting terms and conditions or a privacy policy.
6. These documents explain what kind of information is collected, why it's needed, and how it will be used.
7. It's important to read these carefully so you understand exactly what you are agreeing to.
8. You can always change your mind and withdraw your consent if you no longer want the chatbot to collect or use your information.
9. To do this, there might be an option in the settings of the service or on the website where you originally gave consent.
10. Remember: giving digital consent means allowing a service to collect and use some of your personal information.
11. Always read the terms and conditions and privacy policy to understand what you're agreeing to, and know that you can change your mind and withdraw your consent if needed.

In short: Giving consent for chatbot services means agreeing that it's okay for the service to collect and use some of your personal information. Be sure to read terms and conditions and privacy policies carefully, and know you can change your mind and withdraw your consent at any time.",4,2,3,3,4,3.3
SENIOR_P2,ollama_llama2,SENIOR_P2_llama2_gen1,"Hello there! I'm here to help you understand how to review and manage your data privacy settings in a chatbot interface designed with accessibility in mind. Don't worry, it's easy peasy! üòä

First things first, let's take a look at the layout of the chatbot interface. You'll see a series of large buttons with clear labels, such as ""Review Data Use Terms"" and ""Accept/Decline Data Use"". The text is high-contrast and easy to read, even if you have visual limitations. And don't worry if you need more time to read through the terms ‚Äì we've made sure the spacing is ample so you can take your time without feeling rushed.

Now, let's walk through how to review and manage your data privacy settings:

1. Click on the ""Review Data Use Terms"" button. This will take you to a page where you can read through the chatbot's data use terms in a clear and easy-to-understand format. Take your time, and don't feel rushed! üòä
2. Once you've read through the terms, click on the ""Accept"" button. This will confirm that you've read and agreed to the chatbot's data use policies. Simple as that! üéâ
3. If you change your mind or want to review the terms again, just click on the ""Decline"" button. No worries ‚Äì it's completely fine to take a second look before making your decision. üòä

That's it! By following these simple steps, you can easily review and manage your data privacy settings in our chatbot interface. And remember, we're here to help if you have any questions or concerns. Just let us know how we can assist you. üòä",5,5,4,4,5,4.7
SENIOR_P2,ollama_mistral,SENIOR_P2_mistral_gen1,"Hello there! I'm here to help you understand how to review and accept or decline data-use terms on your chatbot interface. Let's take it step by step, in a simple and calm manner.

1. **Starting the process:** First, you'll see a message on your screen asking if you agree with the data-use terms. It might look something like this: ""Before we continue, please review our data-use terms."" Just take your time to read it, as it explains how your information will be used.

2. **Finding the Accept and Decline buttons:** Once you've finished reading, don't worry! The buttons are big and easy to find. There will be two large buttons: one labeled ""Accept"" and another labeled ""Decline."" They might be colored differently for extra clarity.

3. **Choosing your preference:** To accept the terms, simply click on the ""Accept"" button using your finger or cursor. If you prefer not to agree with the terms, click on the ""Decline"" button instead. Remember, it's okay to take your time and make a decision that feels right for you.

4. **Confirmation:** After clicking on either ""Accept"" or ""Decline,"" you will see a confirmation message that your choice has been registered. If you chose to accept the terms, we can continue our conversation. If you declined, we'll respect your decision and end the conversation.

I hope this explanation helps make the process clearer for you! If you have any other questions or need further assistance, don't hesitate to ask. I'm here to help!",5,4,5,4,5,4.6
SENIOR_P2,ollama_llama2,SENIOR_P2_llama2_gen2,"Hello there! *smile* I'm so glad you're here to learn about how to review and manage your data privacy settings in this chatbot interface. *wink* Don't worry, it's easy peasy! üòä

First things first, let me show you the layout of the interface. *points* You'll see some big buttons with different options on them. The ones you need to focus on are the ""Review Data Use Terms"" button and the ""Decline Data Use"" button. *explains* These buttons will help you decide if you want this chatbot to use your data or not.

Now, let's start by clicking on the ""Review Data Use Terms"" button. *clicks* When you do that, you'll see a list of all the ways this chatbot can use your data. It's important to read through this list carefully and make sure you're comfortable with how your data will be used. *nods*

Once you've reviewed the list, you can either click on the ""Accept"" button or the ""Decline"" button. It's as simple as that! üòä If you want to accept the chatbot's use of your data, just click on the ""Accept"" button. If you don't want the chatbot to use your data, just click on the ""Decline"" button. Easy peasy!

Now, I know some people might have trouble seeing the buttons or reading the list, so let me make sure you can see them clearly. *makes sure buttons are visible* There you go! You should be able to see the big buttons nice and clear now. üòä

Remember, it's important to take your time and read through everything carefully before making your decision. That way, you can be sure you're comfortable with how your data will be used. *nods* And if you ever have any questions or concerns, feel free to ask me! I'm here to help. üòä

So, what do you say? Are you ready to review the data use terms and decide whether to accept or decline? üòÉ Just let me know when you're ready, and we'll go through it together. *smile*",4,4,4,2,5,3.8
SENIOR_P2,ollama_mistral,SENIOR_P2_mistral_gen2,"Welcome! I'm here to help you understand how to review and accept or decline data-use terms in a chatbot interface designed especially for older adults like yourself.

Let's get started. When you first open the chat, you'll see large, easy-to-read buttons and high-contrast text that makes it simple to read. Here's what to do next:

1. Find the button that says ""Data Usage Terms."" It will be big and easy to spot. Click on this button to open the data usage terms.

2. Once you've opened the terms, take your time to read through them. Don't worry if it takes a while - there's no rush! If you come across any words that are difficult to understand, feel free to ask me for help.

3. After you've finished reading and understand the terms, find the ""Accept"" or ""Agree"" button at the bottom of the page. Click on it if you're comfortable with the data usage terms. If you don't want your data used in this way, find the ""Decline"" or ""Reject"" button instead.

4. You might be asked to confirm your choice by clicking a confirmation button like ""I Agree"" or ""I Decline."" Go ahead and click that button to finalize your decision.

5. If you have any questions or need further assistance, don't hesitate to ask me! I'm here to help make things easier for you.

Remember, it's important to protect your privacy online, but it's also crucial to understand how your data is being used. If you ever feel unsure about something, always take the time to ask for clarification or assistance.

You're doing great! Keep exploring and learning, and let me know if there's anything else I can help with.",5,5,5,5,5,5.0
SENIOR_P2,ollama_llama2,SENIOR_P2_llama2_gen3,"Hello there! I'm here to help you understand how to review and manage your data privacy settings in a chatbot interface that's been designed to be easy for you to use. Don't worry, it's simple! üòä

First, let's take a look at the layout of the chatbot interface. You'll see some large buttons with clear labels, like ""Review Data Use Terms"" or ""Decline Data Use"". These buttons are big and easy to click on, so you can tap or mouse-click them without any trouble. üéâ

Now, let's walk through the steps together:

1. To start, you'll see a list of data uses below the chatbot interface. This list will show you all the ways in which the chatbot might use your data. Don't worry, we'll go through each one together! üìù
2. Next to each data use, there's a button with a green checkmark or a red X. The green checkmark means you're giving permission for that data use, and the red X means you don't want to give permission. ü§î
3. To review the data uses and make your choices, simply click on each button next to the data use. If you want to give permission, click the green checkmark. If you don't want to give permission, click the red X. Easy peasy! üí°
4. Once you've made your choices, you can review them one more time before accepting or declining the data uses. Don't worry, you can always come back and change your mind later if you need to. üåü
5. Finally, when you're ready, click the ""Accept"" button at the bottom of the list to accept the data uses. Or, if you change your mind, click the ""Decline"" button instead. It's up to you! üòä

That's it! You've successfully reviewed and managed your data privacy settings in the chatbot interface. Don't worry, we'll be here if you have any questions or need help in the future. üòÉ

Remember, you always have control over your data privacy settings, and you can change them at any time. We're here to help make it easy and straightforward for you! ü§ù",5,5,5,5,5,5.0
SENIOR_P2,ollama_mistral,SENIOR_P2_mistral_gen3,"Hello there! I'm here to help you understand how to review and accept or decline data-use terms on your chatbot interface. Let me guide you through the steps in a simple and easy-to-follow manner.

1. First, find yourself seated comfortably in front of your device with the chatbot open. The screen should display a welcome message from the chatbot.

2. When you're ready, look for a button titled ""Data Use Terms"" or something similar. This button will usually be large and easy to spot due to its high contrast with the surrounding text. You can click on it using your mouse or touchscreen.

3. After clicking, you will be taken to a new screen displaying the data-use terms. Don't worry ‚Äì the text will be large and clear, making it easier to read. There may also be high contrast between the text and the background for better visibility.

4. Take your time to review these terms. If you have any difficulty understanding any part of them, feel free to ask the chatbot for clarification by typing your question in the chat box.

5. Once you're done reading and understand the terms, look for large buttons labeled ""Accept"" and ""Decline."" These may be located at the bottom of the screen for easy access.

6. To agree to the data-use terms, click or tap on the ""Accept"" button. If you prefer not to accept the terms, click or tap on the ""Decline"" button instead.

7. A confirmation message will appear, letting you know whether your request was successful. If you accepted the terms, the chatbot will continue to provide assistance as usual. If you declined, some functions of the chatbot may be limited or unavailable.

Remember, you can always go back and review the data-use terms whenever you'd like by clicking on the ""Data Use Terms"" button again. If you have any questions about your privacy or data usage, feel free to ask! I'm here to help.

Take care, and enjoy using the chatbot!",5,5,5,4,5,4.9
SENIOR_P3,ollama_llama2,SENIOR_P3_llama2_gen1,"Great! I'd be happy to help explain digital consent and privacy in a way that's easy to understand for older adults. Here's a step-by-step workflow for obtaining informed consent from seniors:

First, let me show you some important information about how we will use your personal information. We will be collecting data such as your name, address, and phone number to create an account for you. This information will only be used by us and our trusted partners to provide you with the best possible experience.

Next, I want to summarize some key risks associated with sharing your personal information online. There are potential risks of identity theft, phishing scams, and unauthorized use of your data. However, we have taken steps to protect your privacy and security, such as using encryption and secure servers.

Now, I would like to ask for your confirmation that you understand these risks and are comfortable proceeding with the collection of your personal information. Please click on the ""Confirm"" button to indicate your consent.

[Wait for user confirmation]

Great! Next, I will show you a second confirmation screen to ensure you are fully aware of what we will do with your data. We will use your information to provide you with personalized content and services, as well as to improve our products and services. We may also share your information with trusted third parties, such as research institutions or partners who can help us better understand our users.

Can you please confirm that you are comfortable with these uses of your personal information? [Wait for user confirmation]

Excellent! Finally, I want to make sure you have an easy way to go back and review the information we provided. If you have any questions or concerns, feel free to reach out to us at any time. Simply click on the ""Return to Previous Screen"" button to revisit any part of the consent process.

And that's it! By following these steps, we can ensure that you fully understand the importance of digital consent and privacy, and that your personal information is protected. Thank you for choosing to work with us!",3,2,3,4,4,3.1
SENIOR_P3,ollama_mistral,SENIOR_P3_mistral_gen1,"Welcome! I'm here to help you understand digital consent and privacy in simple terms. Let's go through a step-by-step workflow for confirming your consent:

**First**, you will see clear information about the service or request. This could be about using an app, signing up for emails, or sharing personal data. The information will be easy to read and understand.

**Next**, I'll summarize the key risks involved in this action. For example, if you're giving permission for an app to access your location, I'll explain that it might use this information to provide services but also mention potential privacy concerns.

**Then**, I'll ask for your confirmation. You will have a clear 'Yes' or 'No' option to choose whether you agree with the terms and conditions.

**Next**, you'll see a second confirmation screen. This is just to make sure you understand what you're consenting to, so it will show the information, risks, and your choice again.

**Finally**, I'll provide an easy way for you to go back if you change your mind or need more time to decide. You can simply tap 'Back' or 'Cancel' to return to the previous screen without giving consent.

Remember, it's always important to read and understand what you are agreeing to before clicking 'Yes'. If anything seems unclear or concerning, feel free to ask me for more information! I'm here to help.",5,3,5,5,5,4.5
SENIOR_P3,ollama_llama2,SENIOR_P3_llama2_gen2,"Hello there! As a helpful assistant specialized in explaining digital consent and privacy to older adults, I'm here to guide you through a step-by-step consent confirmation workflow designed specifically for seniors. This workflow will help you understand the information being presented, summarize key risks, and ask for your confirmation.

First, let me show you some important information about the service or application you are using. (Shows information on screen)

Next, I'll summarize the key risks associated with this service or application. (Summarizes key risks)

Now, I want to make sure you understand these risks and are comfortable with them. Please confirm your consent by clicking on the ""I Accept"" button. (Shows a confirmation screen with an ""I Accept"" button)

Then, to ensure you have a clear understanding of what you're agreeing to, I'll show you a second confirmation screen with more detailed information. (Shows a second confirmation screen with additional information)

Finally, if at any time you want to go back and review the information or change your mind, there will be an easy way to do so. (Shows an easy way to go back)

Now, please take a moment to carefully review the information and make sure you're comfortable with the risks. When you're ready, click on the ""I Accept"" button to provide your consent. ( Waits for confirmation )

Did you have any questions or concerns about the service or application? (Gives seniors an opportunity to ask questions)

Great! With your confirmation, we can proceed with using the service or application. Thank you for taking the time to carefully review and understand the information. (Confirmation message)

Remember, at any time you can go back and review the information or change your mind by clicking on the ""Go Back"" button. (Shows an easy way to go back)

I hope this step-by-step consent confirmation workflow has been helpful in ensuring you have a clear understanding of the service or application and its associated risks. If you have any further questions, please don't hesitate to ask. (Conclusion message)",4,3,4,5,5,4.1
SENIOR_P3,ollama_mistral,SENIOR_P3_mistral_gen2,"As a helpful assistant, let me guide you through a simple, straightforward digital consent workflow that's designed with seniors in mind:

**First**, I will show you the information that needs your consent. This may include details about using a new service, granting access to personal data, or agreeing to specific terms and conditions.

**Next**, I will summarize the key risks involved so you understand what you're agreeing to. For example, if sharing your email address with a company, I might mention that they may use it for marketing purposes.

**Then**, I will ask for your confirmation. You can choose ""Agree"" or ""Disagree."" It's important to make sure you understand and are comfortable with the information provided before proceeding.

**Next**, you'll see a second confirmation screen. This will repeat the key points we discussed earlier, giving you an opportunity to double-check your decision.

**Finally**, I'll provide an easy way for you to go back if you need to review anything or change your mind. Simply select ""Back"" or ""Review"" to revisit the previous steps and make any necessary adjustments.

Throughout this process, I'll use clear, simple language and avoid ambiguity to ensure that you fully understand each step of the consent workflow. If you have any questions or concerns at any point, don't hesitate to ask!",5,3,5,5,5,4.6
SENIOR_P3,ollama_llama2,SENIOR_P3_llama2_gen3,"Hello there! As a consent assistant for older adults, I'm here to help you understand the importance of digital consent and privacy. It's crucial that you make informed decisions about how your personal information is used online. To do this, we'll go through a step-by-step confirmation workflow together. Don't worry, it's easy to follow! üòä

First, let me show you some important information about digital consent and privacy. üìù

Next, I'll summarize the key risks involved in sharing your personal information online. This will help you understand why it's essential to make informed decisions. üí°

Now, I need your confirmation to proceed with the next step. Can you please take a moment to confirm that you understand the information and risks? ü§î

Great! To ensure you're fully comfortable with the decision, we'll show you a second confirmation screen. üì±

In this screen, you'll have the opportunity to review your decision one last time before moving forward. If you change your mind at any point, don't worry ‚Äì it's easy to go back and adjust your settings. üòä

Finally, here's a quick summary of the steps we've taken together:

1. We showed you important information about digital consent and privacy.
2. We summarized key risks involved in sharing personal info online.
3. We asked for your confirmation to proceed.
4. We showed a second confirmation screen for extra assurance.
5. We provided an easy way to go back if needed. üéâ

Remember, the choice is always yours! If you have any questions or concerns, feel free to ask at any time. Let's get started! üöÄ",5,3,4,5,5,4.4
SENIOR_P3,ollama_mistral,SENIOR_P3_mistral_gen3,"Title: Digital Consent for Seniors: A Step-by-Step Guide

1. First, you will see a clear and easy-to-read screen displaying important information about the service or agreement we'd like to discuss with you. This might include details about what data we need from you, how we plan to use it, and who else may have access to it.

2. Next, we will summarize the key risks and benefits associated with this consent request. For example, if there are potential privacy concerns or financial implications, we'll make sure to explain them in simple terms so that you can fully understand the decision you're making.

3. Then, we will ask for your confirmation. You will be given the opportunity to accept or decline the consent request. If you choose to accept, it means you agree to share your data as described in the information provided earlier.

4. After that, you will see a second confirmation screen. This is designed to ensure that you've read and understood the information presented before making your decision. The confirmation screen will include a clear statement confirming your choice to accept or decline the consent request.

5. Finally, if you ever feel uncertain about your decision or want to review the information again, you can easily go back by using the 'Back' button or following simple instructions provided on the screen. We encourage you to take your time and ask questions if anything is unclear. Your privacy and understanding are our top priorities.",4,3,4,5,5,4.1
SENIOR_P4,ollama_llama2,SENIOR_P4_llama2_gen1,"Hello there! I'm here to help you understand digital consent and privacy in a way that's easy to grasp, even if you're not tech-savvy. It's important to know your rights when using digital devices and services, so let's dive into the basics together.

First things first: What is consent? Consent means giving permission or agreement to something. When you use a digital device or service, you're giving permission for the company to collect, use, and share your personal information. This is important because it helps protect your privacy and security online.

Now, let's talk about privacy. Privacy means keeping your personal information private and secure. When you use a digital device or service, you want to make sure that your information stays safe and isn't shared with anyone without your permission. This is especially important when using devices like smartphones or laptops, which can store a lot of sensitive information.

It's important to remember that companies need to follow laws and regulations when handling your personal information. These laws protect you from companies misusing your data, such as selling it to third parties without your consent.

When using digital devices or services, it's essential to understand what information is being collected, how it will be used, and who will have access to it. This helps you make informed decisions about what you want to share online and with whom.

Now, let's summarize the key points:

* Consent means giving permission for a company to collect, use, and share your personal information.
* Privacy means keeping your personal information private and secure.
* Companies need to follow laws and regulations when handling your personal information.
* It's important to understand what information is being collected, how it will be used, and who will have access to it.

Remember, it's okay if you don't remember everything right away! Feel free to ask me any questions or revisit these concepts as needed. And don't worry, I'll be here to help you every step of the way.

Do you have any questions so far? *checks for understanding*

Would you like a reminder of the key points before we move on? *offers repeated summary*",4,2,3,2,5,3.3
SENIOR_P4,ollama_mistral,SENIOR_P4_mistral_gen1,"Title: Understanding Digital Consent & Privacy for Seniors

Welcome! Let's discuss digital consent and privacy, designed to be easy for seniors to understand.

1. **Digital Consent**: This is the agreement you give when using online services, apps, or websites. It allows them to use your personal information, such as name, email address, and more.

2. **Privacy Policy**: A document provided by websites that explains how they collect, use, store, and share your personal data. It's like the rules of the road for online privacy.

3. **Terms of Service (TOS)**: These are the guidelines you agree to follow when using a website or service. They may include rules about what you can and cannot do.

4. **Cookies**: Small files saved on your device by websites to remember your preferences, such as login information.

5. **This is important:** Always read the consent terms before clicking 'Agree.' If something seems unclear or concerning, don't be afraid to ask for help or seek advice.

6. **Please remember:** It's crucial to protect your personal information online. Only share it with trusted websites and avoid clicking on suspicious links or downloading unknown files.

7. **Opt-out or Opt-in**: Some consent forms may give you the option to 'opt-out,' which means you can choose not to agree to certain terms, such as sharing your data for marketing purposes. Conversely, 'opt-in' requires you to actively agree to certain terms before they apply.

8. **Repeated Summary:** Consent terms tell websites how they can use your personal information. Always read and understand these agreements before clicking 'Agree.' Protecting your privacy is essential when using the internet.

9. **Key Phrase:** ""If in doubt, leave it out."" If a consent term seems unclear or suspicious, it's better to avoid it than to put your personal information at risk.

10. **Reminder:** You can find the privacy policy and terms of service by scrolling down to the bottom of most websites. Familiarize yourself with these documents to ensure you are making informed decisions about your digital consent.",4,2,3,3,4,3.3
SENIOR_P4,ollama_llama2,SENIOR_P4_llama2_gen2,"Hello there! *smile* I'm here to help you understand digital consent and privacy in a way that's easy to grasp. Digital consent is like giving permission for someone to do something with your personal information. *short key phrase* It's important to understand what you're agreeing to so you can protect your private stuff online. *emphasis*

Let me explain it in a simpler way. When you use the internet or mobile devices, you often have to check boxes or click buttons to show that you agree with the terms of service. These terms are like rules for how companies can use your personal information. *summary*

For example, if you use an app to order groceries, the company needs your name and address to deliver the goods. But they also might want to use your location data to show you ads for other things you might be interested in buying. *example* It's important to know what information is being shared and why.

Here are some key points to remember:

* Check boxes or click buttons to show you agree with the terms of service.
* Make sure you understand what you're agreeing to.
* Personal information can include your name, address, phone number, and more.
* Companies might use your location data for different purposes, like showing ads.

I know it might be hard to remember everything, so feel free to ask me any questions or repeat the key points anytime you need a refresher. *gentle tone* And don't worry if you forget something ‚Äì we can always go over it together. *smile*

Now, let's practice summarizing what we've talked about: Can you tell me in your own words what digital consent is? *engage in conversation* Great job! You got it right! *positive reinforcement*

Remember, it's important to be mindful of your personal information online. Always take the time to understand what you're agreeing to, and don't hesitate to ask questions if you need help. *short key phrase*

Let me know if there's anything else you want to learn or discuss further. *gentle tone* Take care now! *smile*",5,2,4,2,5,3.8
SENIOR_P4,ollama_mistral,SENIOR_P4_mistral_gen2,"Title: Understanding Digital Consent & Privacy for Seniors

Welcome! This guide will help you navigate digital consent and privacy online. Let's take it one step at a time, focusing on clear explanations and easy-to-remember tips.

1. **Digital Consent:**
   - When using online services (like emails or apps), you may come across consent forms. These are agreements that tell you what the service will do with your personal information.
   - This is important: **Always read and understand what you're agreeing to before clicking 'Accept'.**

2. **Privacy Settings:**
   - Privacy settings help protect your personal information online. They allow you to control who can see your data, posts, or profile.
   - Please remember: **Check privacy settings regularly to ensure they still match your preferences.**

3. **Password Safety:**
   - A strong password is important for keeping your account secure. Use a mix of numbers, letters, and symbols, and avoid using easily guessed words like your name or birthdate.
   - This is important: **Never share your password with anyone**. Even if they claim to be from the service provider.

4. **Cookies & Tracking:**
   - Cookies are small pieces of data stored on your device by websites for tracking purposes. Some cookies help make the website easier to use, while others track your activity online.
   - Please remember: **You can usually control cookies through your browser settings.**

5. **Phishing Scams:**
   - Phishing scams are attempts to trick you into giving away personal information, like your password or credit card number. Be wary of emails or messages asking for sensitive info, especially if they seem suspicious.
   - This is important: **Never click on links or provide info in responses to unsolicited emails.** If you're unsure, contact the service provider directly through their official website.

6. **Keeping Your Device Secure:**
   - Regularly update your device's software to protect against viruses and malware. Also, be cautious about downloading apps or opening attachments from unknown sources.
   - This is important: **Stay safe online by treating your personal information as valuable.**

Remember, taking the time to understand digital consent and privacy can help keep you secure online. If you ever have questions or concerns, don't hesitate to ask a trusted friend, family member, or professional for help! Stay safe and enjoy the internet!",4,2,4,3,5,3.6
SENIOR_P4,ollama_llama2,SENIOR_P4_llama2_gen3,"Hello there! I'm here to help you understand digital consent and privacy in a way that's easy to understand. Digital consent is like giving permission for something to happen online. It's important to think carefully about what you want to share online, who can see it, and how it can be used.

This is important: When you give someone your personal information online, they can use it to contact you or share it with others without your permission. So, always think twice before giving away your information.

Here are some key phrases to remember:

* Personal information: This means things like your name, address, phone number, and email address.
* Online: This means anything you do on the internet, like checking emails or using social media.
* Sharing: This means giving someone else access to your personal information.
* Permission: This means giving someone else permission to use your personal information in a specific way.

Now, let me summarize some important points for you:

* Always think carefully before sharing your personal information online.
* Make sure you understand who can see your information and how it can be used.
* Only give permission for things that you are comfortable with.
* Be aware of what you're agreeing to when you click 'I agree' or 'Okay'.

If you have any questions, feel free to ask! And don't forget, it's always okay to say no if you don't want to share something online. Your privacy is important, and you should always protect it.

Here are some short reminders to help you remember:

* Be cautious with personal info online.
* Think twice before sharing.
* Know who can see your stuff.
* Only give permission for things you're comfortable with.

I hope these reminders help! If you have any questions or need further clarification, just let me know. It's important to remember that your privacy is valuable, and you should always protect it online.",5,2,4,3,5,3.8
SENIOR_P4,ollama_mistral,SENIOR_P4_mistral_gen3,"Welcome! Let's talk about digital consent and privacy in a way that's easy to understand and remember.

**Digital Consent:** This is about giving permission for websites, apps, or services to use your personal information. Here are some important things to know:

1. **Asking Permission:** Websites will often ask for your consent before they collect and use your data. Look for buttons that say ""Accept,"" ""Agree,"" or ""Continue.""

2. **Reading Before Clicking:** Please remember to read what you're agreeing to before clicking 'Accept.' It may seem tedious, but understanding what you're consenting to is crucial!

3. **Understanding What You Agree To:** Some terms can be long and complex. Try to find the key points about your personal information and privacy. If there's something you don't understand, it might be best to seek help or avoid agreeing until you fully grasp what you're consenting to.

**Privacy:** This is about keeping your personal information safe and secure online. Here are some things to keep in mind:

1. **Secure Connections:** Websites that have a padlock icon and ""https"" at the start of their web address (URL) are usually secure. This means your data should be encrypted and protected from being intercepted.

2. **Strong Passwords:** Use a mix of letters, numbers, and symbols to create strong passwords that are harder for others to guess. Avoid using easily guessed information like birthdays or pet names.

3. **Updating Your Software:** Regularly update your device's operating system and apps. Updates often include security improvements that can help keep you safe online.

4. **Phishing Scams:** Be cautious of emails, phone calls, or messages asking for personal information. Legitimate companies will not ask for sensitive data like passwords or bank details via email or over the phone.

**Remember:** Your digital consent and privacy are important. Always take a moment to understand what you're agreeing to, use secure connections, strong passwords, and stay vigilant against phishing scams. If something seems suspicious, it might be best to seek help from a trusted friend or family member, or report it to the service provider.

Stay safe and enjoy exploring the digital world!",4,2,3,2,4,3.2
SENIOR_P5,ollama_llama2,SENIOR_P5_llama2_gen1,"Hello there! I'm here to help you understand your data rights when using a chatbot service. It's important to know that you have control over your personal information and can make decisions about how it's used. Here are some key things to know:

* You have the right to withdraw your consent at any time. If you change your mind later, you can let the chatbot service know and they will stop using your data.
* You can delete your data at any time by asking the chatbot service. They will remove your information from their systems.
* You can ask questions about how your data is being used at any time. The chatbot service should be happy to provide you with more information.
* If you want to stop using the chatbot service altogether, you can do so at any time. No questions asked!

Remember, you always have control over your personal information and can make decisions about how it's used. Don't hesitate to reach out if you have any questions or concerns. It's important to be informed and in control of your data.",5,2,4,3,5,3.8
SENIOR_P5,ollama_mistral,SENIOR_P5_mistral_gen1,"Here are some important things to know about your data rights when using a chatbot service:

1. **Your Data Belongs to You:** When you use a chatbot, the information you share is considered personal data. This includes messages you send and receive, as well as any personal details you provide.

2. **You Have the Right to Know:** At any time, you can ask the service provider what kind of data they collect, why they need it, and how they use it. For example, you might want to know if your conversations are stored or shared with third parties.

3. **You Can Control Your Data:** If you change your mind later, you have the right to withdraw your consent for the service to store or use your data. To do this, you might need to find a settings or privacy section in the chatbot app and follow the instructions to opt-out.

4. **Deleting Your Data:** If you want your data erased, you can usually request this in the same place where you manage your consent. Keep in mind that some data may be required for the chatbot to function properly, so complete deletion might not always be possible.

5. **Asking Questions and Stopping the Service:** If you have questions or concerns about your data, you can contact the service provider. They should provide a way to reach them, such as an email address or phone number. You also have the right to stop using the chatbot service at any time.

6. **Revising Your Decisions:** Your choices about your data can be revised at any time. For example, if you previously agreed to share certain information but now want to change that, you should be able to do so through the settings or privacy section of the app.

7. **Protecting Your Privacy:** Remember, it's important to protect your personal data online. Be cautious about what information you share with chatbots and make sure to use strong, unique passwords for all your digital accounts.

8. **Staying Informed:** Keep an eye out for updates from the service provider about changes to their privacy policy or data handling practices. They should notify you of any significant changes.

9. **Seeking Help:** If you ever feel confused or concerned about your data rights when using a chatbot, don't hesitate to ask for help. Friends, family members, or organizations like AARP can provide guidance and support.",4,2,3,3,4,3.3
SENIOR_P5,ollama_llama2,SENIOR_P5_llama2_gen2,"Hello there! I'm here to help you understand your data rights when using a chatbot service. It's important to know that you have control over your personal information and how it is used. Here are some key things to know:

* You can decide what data you want to share with the chatbot service. If you change your mind later, you can withdraw your consent at any time.
	+ Example: Imagine you're using a chatbot to order groceries. You don't have to share your name or address if you don't want to. But if you change your mind later and want to order groceries again, you can choose to share that information with the chatbot at any time.
* You can ask questions about how your data is used and request a copy of your personal information. The chatbot service must provide this information to you within a reasonable time frame.
	+ Example: Imagine you want to know what data the chatbot service has collected about you. You can ask the chatbot service for a copy of that information, and they must give it to you within a week or so.
* You can delete your data at any time if you no longer want the chatbot service to have access to it.
	+ Example: Imagine you've been using a chatbot to manage your finances. You can ask the chatbot service to delete your personal information at any time if you decide you don't want them to have access to that data anymore.
* If you stop using the chatbot service, your data will be deleted unless you've given permission for it to be kept for a specific purpose (like for historical or research purposes).
	+ Example: Imagine you stop using a chatbot service that helps you keep track of your medication schedule. Your data will be deleted unless you gave the chatbot service permission to keep it for a certain amount of time in case you need to refer back to it later.

Remember, you always have the right to revise or undo any decisions you make about your personal information. Don't hesitate to ask questions or make changes if you want to!",4,2,4,4,5,3.8
SENIOR_P5,ollama_mistral,SENIOR_P5_mistral_gen2,"Here are some key things to remember about your data rights when using a chatbot service:

1. **Your Consent**: When you start using a chatbot, you're giving permission for the service to collect and use your information. This could include things like messages you send, your location, or device details.

2. **You Can Change Your Mind**: If you change your mind later, you have the right to withdraw your consent. For example, if you no longer want the chatbot to save your conversations, you can usually find an option to stop data collection in the settings of the app or service.

3. **Deleting Your Data**: You also have the right to delete your data at any time. This means that all information collected by the chatbot about you will be removed from their servers.

4. **Asking Questions**: If you're not sure about something, you can always ask. Most services provide a way for you to contact them and ask questions about their privacy policies or how they handle your data.

5. **Stopping the Service**: Lastly, you can stop using the chatbot service at any time. This will usually end any ongoing data collection. If you decide to start using the service again in the future, you may need to give consent and possibly provide your information again.

6. **Reassurance**: Remember, it's okay to change your mind or ask questions about your privacy. You have control over your own data and can always revise or undo decisions you've made. If you ever feel uncomfortable with how a service is handling your data, consider reaching out to them or seeking help from a trusted friend or organization.",4,2,4,3,4,3.5
SENIOR_P5,ollama_llama2,SENIOR_P5_llama2_gen3,"Hi there! As a helpful assistant, I'm here to explain digital consent and privacy in a way that's easy to understand. When using a chatbot service, you have certain rights regarding your data and how it's used. Here are some key things to know:

* You can withdraw your consent at any time. If you change your mind later, just let the chatbot service know and they will stop using your data for any purpose.
* You can delete your data at any time. This means that all of your information will be removed from the chatbot's database, so it cannot be accessed or used in any way.
* If you have any questions about how your data is being used, feel free to ask! The chatbot service has a team of experts who can answer your questions and provide more information.
* You can stop using the chatbot service at any time. If you decide that you no longer want to use the service, just let them know and they will stop sending you messages or emails.

It's important to remember that you always have control over your data and how it's used. You can revisit these settings at any time to make changes or undo any decisions you've made. Don't worry, the chatbot service is here to help and will respect your privacy and data rights every step of the way!",4,2,3,3,4,3.3
SENIOR_P5,ollama_mistral,SENIOR_P5_mistral_gen3,"Here's a simple explanation of your data rights when using a chatbot service:

1. **Your Data Belongs to You**: The information you share with the chatbot is your property. You have the right to know what data is being collected and how it's used.

2. **Consent is Important**: Before using the chatbot, you should have given permission for it to collect and use your data. If you change your mind later, you can withdraw your consent.

3. **Withdrawing Consent**: You can stop sharing your data with the chatbot at any time. Here's how:
   - Look for a 'Settings', 'Privacy', or 'Account' section in the app or website.
   - Find an option related to managing your personal information and follow the steps to withdraw consent.

4. **Deleting Your Data**: If you want all your data deleted, look for a 'Delete Account' or similar option in settings. Deleting your account will remove most of your data from the chatbot's system.

5. **Asking Questions**: If you have questions about your data, feel free to contact the service provider. They should provide clear answers and help resolve any concerns you might have.

6. **Stopping the Service**: You can stop using the chatbot at any time by simply not interacting with it anymore. Deleting your account will also stop the service for you.

7. **Revising Decisions**: If you decide to give consent again in the future, you can do so through the same settings where you withdrew consent earlier.

8. **Reassurance**: You have control over your data and can always revise or undo your decisions. Don't hesitate to ask questions if something isn't clear!",4,2,3,3,4,3.3
