prompt_id,model,gen_id,response,clarity,accessibility,tone,completeness,opt_out,average
P1,gpt-4o,P1_gpt4o_gen1,"Sure! Here's how we handle your data when you use our chatbot service:

### What Data We Collect:
When you use our platform, we collect some information to make sure everything works well and to improve your experience. Here’s what we collect:

- **Messages**: These are the things you type and send to the chatbot.
- **Profile Information**: This includes details like your name, email address, and any other info you provide when you create your account.
- **Usage Data**: This includes info about how you use the service, like which features you use the most.

### Why We Collect This Data:
We collect your data for a few important reasons:

- **To Make the Service Work**: We need your messages to know how to respond to you!
- **To Improve the Service**: Knowing how you use the service helps us make it better.
- **To Personalize Your Experience**: We might use your profile info to make your experience more tailored to you.

### How This Affects Your Experience:
- **Better Responses**: By understanding your messages, we can give you better answers.
- **More Personalized Service**: With your profile info, we can offer features that suit you best.

### Your Choices and Control:
You have control over your data! Here’s how:

- **Review and Edit Your Info**: You can always check and change your profile details in your account settings.
- **Delete Your Data**: If you decide to stop using our service, you can delete your account, and we’ll erase your data.
- **Manage Your Settings**: You can adjust your privacy settings to control what data is collected and how it’s used.

### Keeping Your Data Safe:
- We take your privacy seriously and use security measures to protect your information.

Remember, you’re in control of your data. If you have any questions or concerns, you can always reach out to us for help!",5,5,5,4,3,4.4
P1,ollama_mistral,P1_ollama_gen1,"When you sign up for this platform, here's some information we collect:

1. **Profile Information**: This includes things like your name, email address, or username. We need this so you can create an account and use our services.

2. **Messages**: When you send messages, we store them to help you keep track of conversations and improve the overall chat experience.

3. **Usage Data**: This is data about how you interact with the platform, such as what features you use most, when you use them, and how long you spend on the platform. We collect this data to understand how people like using our services and make improvements.

4. **Cookies**: These are small pieces of information stored on your device. They help us remember things about your visit (like your preferred language or display settings), which makes the platform easier for you to use.

Remember, we never sell your personal data to third parties without your consent. Here's how your data might be used:

- **Improving our services**: We may use the information to understand what features people like and don't like, so we can make the platform better for everyone.
- **Personalizing your experience**: Based on your usage data, we might show you content that you find interesting or suggest features that could be helpful for you.
- **Communicating with you**: We may use your email address to send important updates about our services or reply to questions you've asked us.

You have control over your data:

1. **Privacy Settings**: You can adjust these at any time to decide what information you want to share and with whom. For example, you might choose to keep your name private and only use a username.
2. **Deleting Account**: If you ever want to stop using our platform, you can delete your account. This means we'll remove all your personal data from our systems, except for any data we need to keep for legal reasons (like messages that are part of ongoing disputes).
3. **Cookies**: You can usually control cookies through your browser settings. Most browsers allow you to accept or reject all cookies, or you can choose to be notified when a cookie is being sent.",5,5,5,4,4,4.6
P1,gpt-4o,P1_gpt4o_gen2,"Sure! Let's talk about how your data is collected and used when you use a chatbot service like this one.

### What Types of Data Are Collected?

1. **Messages:** This includes the questions you ask and the responses you receive.
2. **Profile Info:** Basic information like your username, email address, and any other details you provide when signing up.
3. **Usage Data:** Information about how you use the service, like how often you chat or what topics you ask about.
4. **Device Information:** Details about the device you are using, like the type of phone or computer.

### Why Is Your Data Collected?

- **To Improve the Service:** We use your messages to make the chatbot smarter and more helpful.
- **To Personalize Your Experience:** Knowing your preferences helps us give you better answers.
- **To Ensure Safety:** We keep an eye out for any unusual activity to protect you and other users.
- **To Communicate with You:** We might use your email to send updates or important info about your account.

### How Does This Affect Your User Experience?

- **Better Responses:** The more you interact, the better the chatbot gets at understanding you.
- **Personalized Suggestions:** You might get recommendations based on your interests.
- **Security Alerts:** If something unusual happens, we can let you know quickly.

### Your Choices and How to Control Your Data

- **Privacy Settings:** You can adjust your settings to control what info you share. Look for a ""Privacy"" or ""Settings"" section in your account.
- **Data Deletion:** If you decide you don't want us to have your data anymore, you can usually delete your account or request data deletion.
- **Opt-Out Options:** You can choose not to receive emails or notifications by changing your preferences in your account settings.
- **Review Your Data:** Some services let you download a copy of the data they have about you.

### Keeping Your Data Safe

- We use encryption and other security methods to keep your data safe from hackers or unauthorized access.
- Only authorized personnel can access your data, and they are trained to handle it responsibly.

By understanding these points, you have more control over your data and can make informed choices about your privacy and how you use the chatbot service.",5,5,5,5,5,5.0
P1,ollama_mistral,P1_ollama_gen2,"When you join our platform, we collect some information about you so we can provide a better service. Here's what that looks like:

1. **Personal Information**: This includes your name, email address, and other details you give us during registration. We use this to create your account and manage your settings.

2. **Messages**: Every message you send or receive is stored so you can access them later. This also helps us improve our service by understanding how people communicate on the platform.

3. **Profile Info**: Details like your profile picture, bio, and preferences help make our platform more personalized for you. They may also be used to suggest connections or content that matches your interests.

4. **Device Data**: We collect information about the device you're using, such as operating system, browser type, and IP address. This helps us ensure the platform works well on different devices and troubleshoot any issues.

5. **Usage Data**: This includes information about how you use our platform, like the pages you visit or features you interact with. We use this to understand what people like you enjoy and make improvements based on that.

Now, it's important to know that we take your privacy seriously. You have control over much of your data:

- **Profile and Account Settings**: You can adjust these at any time to change or delete parts of your personal information.
- **Message Deletion**: You can delete individual messages in your chats, though we may need to keep some data for technical reasons like spam prevention.
- **Data Requests**: If you want to see what data we have about you, or ask us to delete it, you can submit a request through our support team.

We never sell your personal data to third parties, but we might share it with trusted partners who help us provide and improve our services (like cloud storage providers). We only do this when necessary, and always follow strict privacy guidelines.

Using our platform doesn't require you to share any information that makes you uncomfortable. You can choose what details you want to reveal and control how they're used. If you have any questions or concerns about your data, don't hesitate to contact our support team!",5,5,5,4,3,4.4
P1,ollama_mistral,P1_ollama_gen3,"**Understanding Data Collection on Our Platform**

When you join our platform and start using it, here's some information about the data we collect and how we use it:

1. **Personal Information**: This includes details like your name, email address, or phone number that help us identify you. We collect this data to create your account so you can use our services.

2. **Profile Info**: You may provide additional information about yourself such as a profile picture or interests. This helps make the platform more personal and enjoyable for you and others.

3. **Messages**: When you send messages on our platform, we collect them to allow communication between users. We might use this data to improve our services, but your private messages remain confidential unless required by law.

4. **Usage Data**: This is information about how you interact with the platform, like which features you use most or the time spent on certain parts of the site. We collect this data to understand how people use our platform and make improvements.

5. **Device Information**: Details about your device, such as operating system, browser type, and IP address, can help us ensure our services work well for different devices and locations.

**Here's what you should know:**
- Your data is important to us, and we take measures to keep it safe and secure.
- We will never sell your personal information to third parties without your permission.
- You have control over your data. You can choose to delete or modify any of the information you provided during registration by going to your account settings.
- By using our platform, you agree to let us collect and use this data as explained above. If you're not comfortable with it, please do not register or continue using our services.

**What if I change my mind?**
If at any point, you decide you no longer want to use our platform, you can delete your account from the account settings. Deleting your account will remove most of your personal data from our systems, but some information (like messages you sent) may still be stored for a period due to technical reasons or legal requirements.

We hope this helps explain how we handle your data! If you have any questions or concerns, feel free to reach out. We're here to help!",5,5,5,4,4,4.6
P2,gpt-4o,P2_gpt4o_gen1,"Sure, I can help with that. Please provide the privacy notice you would like me to review. Once I have the text, I can help identify vague terms, missing user rights explanations, and clarify the implications of refusing consent, as well as provide options for opting out or limiting use.",4,4,5,3,2,3.6
P2,ollama_mistral,P2_ollama_gen1,"Privacy Notice Review:

- Vague Terms:
  - ""May share"" (Instead use: ""We may disclose your personal data to our partners, service providers, or other third parties."")
  - ""Could be used for..."" (Instead use: ""Your personal data may be used for the following purposes: [list specific purposes])

- Missing User Rights Explanations:
  - No explicit explanation of user's right to access their personal data
  - No information about the user's right to object, restrict or erase their personal data
  - No mention of the user's right to data portability

Clear language for User Options:

- Accessing Personal Data: Users have the right to request access to their personal data held by us. To do so, please contact us at [contact email/phone number].
- Rectification and Erasure: Users can ask us to rectify or delete their personal data if it is inaccurate or no longer necessary for the purposes for which it was collected. To request erasure, please contact us at [contact email/phone number].
- Objecting to Processing: Users have the right to object to the processing of their personal data. If you wish to object, please contact us at [contact email/phone number].
- Restricting Processing: Users have the right to restrict the processing of their personal data in certain circumstances. To request restriction, please contact us at [contact email/phone number].
- Data Portability: Users have the right to receive a copy of their personal data in a structured, commonly used, and machine-readable format, or to request us to transmit this data to another controller. To exercise your right to data portability, please contact us at [contact email/phone number].

What happens if a user refuses consent:
If you choose not to give your consent for certain processing activities, it may limit our ability to provide services to you. For example, we might not be able to process your orders or provide personalized features. In cases where the processing is necessary for us to comply with legal obligations, failure to provide consent may result in us being unable to fulfill such obligations and potentially lead to legal consequences. However, we will always make an effort to minimize the impact on our users' privacy rights while ensuring compliance with applicable laws and regulations.",4,4,5,4,3,4.0
P2,gpt-4o,P2_gpt4o_gen2,"Certainly! I can help with this. Please provide the privacy notice you would like me to review, and I'll point out any vague terms, missing user rights, and potential user confusion regarding consent and opting out.",4,4,5,3,2,3.6
P2,ollama_mistral,P2_ollama_gen2,"Privacy Notice Review:

- Vague Terms:
  - ""We may share your personal data with third parties""
    - Clarify who these third parties are (e.g., service providers, marketing partners, etc.)
  - ""Your information could be used for various purposes""
    - Specify the specific purposes for which data will be used (e.g., providing services, marketing, analytics, etc.)

- Missing User Rights Explanations:
  - No explicit mention of user's rights under GDPR or CCPA such as the right to access, correct, delete, object, and data portability.
    - Include a clear section detailing users' rights and how they can exercise them (e.g., by contacting [email address] or using an online form).

- User Options for Opting Out or Limiting Use:
  - ""You have the right to opt out of receiving marketing communications""
    - Explain the process for users to opt out (e.g., by clicking a link in the email, updating their account settings, etc.)
  - ""You can limit the use of your data for certain purposes""
    - Provide clear instructions on how users can exercise this option and what it means for their experience with the service (e.g., they may still receive essential notifications but will not receive personalized recommendations).

- Consequences of Refusing Consent:
  - ""If you choose not to provide consent, some services may be unavailable or limited""
    - Be specific about which services might be affected and the impact on the user's experience.
  - It's also important to highlight that refusal to provide necessary personal data for the performance of a contract may result in the termination of the contract.

- Suggested Changes:

Privacy Notice Update:

1. ""We share your personal data with third parties such as service providers, marketing partners, and other business entities controlled by or under common control with us.""
2. ""Your information could be used for specific purposes including providing services, enhancing user experience, targeted advertising, and analyzing usage patterns.""
3. ""Under the GDPR and CCPA, you have the right to: access, correct, delete, object, and port your data. To exercise these rights, please contact us at [email address] or use our online form.""
4. ""You can opt out of receiving marketing communications by clicking the unsubscribe link in the email or updating your account settings. You can also limit the use of your data for certain purposes. Doing so may affect some aspects of your experience with our services.""
5. ""If you choose not to provide consent, some services may be unavailable or limited. Refusal to provide necessary personal data for the performance of a contract may result in the termination of the contract.""",4,4,5,4,4,4.2
P2,gpt-4o,P2_gpt4o_gen3,"Certainly! To effectively assist you, I'll need to see the privacy notice you want me to review. Please provide the text or key excerpts from the privacy notice, and I'll analyze it for vague terms, missing user rights explanations, and other potential issues.",4,4,5,3,1,3.4
P2,ollama_mistral,P2_ollama_gen3,"Privacy Notice Review:

1. Vague Terms:
   - ""We may share your personal data with third parties in certain circumstances.""
     - Explanation: This statement is vague as it does not clearly specify what those circumstances are. It would be more transparent to list specific scenarios, such as legal requirements or partnership agreements, where data might be shared.

   - ""Your information could be used for various purposes...""
     - Explanation: This statement is unclear about the exact purposes of data use. It's essential to provide a comprehensive list of potential uses, including marketing and analytics, to ensure transparency.

2. Missing User Rights Explanations:
   - No explicit mention of the user's right to access, modify, delete, or restrict their personal data.
     - Explanation: Users should be informed about their rights regarding their personal data under privacy laws like GDPR and CCPA. This includes the right to request a copy of their data, rectification, erasure, and restriction of processing.

3. User Options for Opting Out or Limiting Use:
   - Users can opt-out from receiving marketing communications by following the unsubscribe link in each email.
     - Explanation: This is one method for users to limit their data use but does not address other potential uses of their personal information, such as analytics or sharing with third parties.

   - Users can manage their preferences regarding the use of their personal data in their account settings.
     - Explanation: This statement should be more specific about what preferences are available and how users can access these settings.

4. Consequences of Refusing Consent:
   - No mention of the consequences if a user refuses consent for the collection, processing, or sharing of their personal data.
     - Explanation: Users should be made aware that refusal to provide consent may limit their access to certain services or functionalities. It's important to note that essential information (e.g., contact details) may still be required to comply with legal obligations.

To clarify and improve the privacy notice, consider the following revisions:

- We only share your personal data with third parties when it is necessary for specific purposes such as compliance with legal requirements or fulfilling our contractual obligations.
- Your personal information will primarily be used for purposes like providing you with our services, improving our offerings, and communicating with you about promotions and updates. However, we may also use your data for other legitimate interests specified in our Privacy Policy.
- Under privacy laws like GDPR and CCPA, you have the right to:
  - Request access to your personal data
  - Rectify any inaccurate or incomplete information
  - Request erasure of your personal data
  - Restrict processing of your personal data
  - Object to certain types of data processing
- You can manage your privacy preferences by logging into your account and adjusting settings accordingly. Alternatively, you may opt out of marketing communications at any time by clicking the unsubscribe link in our emails.
- If you choose not to provide consent for the collection, processing, or sharing of your personal data, please be aware that this may limit your access to certain services or functionalities. However, we will still process essential information (e.g., contact details) as required by law.",4,4,5,4,4,4.2
P3,gpt-4o,P3_gpt4o_gen1,"If you don't want the system to collect or store your chat data, here are some general steps you can take. Keep in mind that the options might vary depending on the specific app or service you’re using:

- **Check Privacy Settings:**
  - Look for a ""Privacy"" or ""Data"" section in the app's settings.
  - See if there’s an option to stop data collection or storage.

- **Opt-Out Options:**
  - Some services offer an opt-out feature. Check for a button or toggle switch in settings that allows you to disable data collection.
  - Follow any specific instructions provided in the settings to complete the opt-out process.

- **Contact Support:**
  - If you can't find an opt-out option, contact customer support for help.
  - Ask if they offer a way to prevent data collection and how to enable it.

- **Read the Privacy Policy:**
  - Look for the service’s privacy policy on their website or app.
  - This document often explains what data is collected and how you can manage your data preferences.

- **Deleting Your Data:**
  - Some services allow you to request the deletion of your existing data.
  - Follow the process outlined in the app or contact customer support to request data deletion.

- **Using the Service:**
  - Be aware that opting out might limit some features or functionality of the service.
  - The service may inform you of any limitations when you choose to opt out.

- **What the System Does:**
  - If you opt out, the system should stop collecting and storing new data according to its policy.
  - Your existing data might still be stored unless you specifically request its deletion.

Remember, the exact steps can vary, so it’s important to check the specific details for each app or service you use.",5,5,5,5,5,5.0
P3,ollama_mistral,P3_ollama_gen1,"Here's a simplified explanation of what you can do when you want to prevent a system (like this one) from collecting or storing your chat data:

**User's Options:**
1. **Privacy Settings:** Look for privacy settings within the platform to control how your data is collected and used. This could be found in the account settings or under a specific privacy policy section.
2. **Deleting Data:** Some platforms may allow you to delete your data entirely, which would also stop ongoing data collection. This feature can usually be found within the account settings or under the privacy policy section.
3. **Opting Out of Data Collection:** If the platform offers this option, it will allow you to stop data collection without deleting your account. Look for an ""opt-out"" or ""data usage opt-out"" setting.

**How to Act on Them:**
1. **Find the Settings:** Navigate to the account settings or privacy policy section of the platform. This is usually found by clicking on your profile picture, your name, or a gear icon.
2. **Adjust Privacy Settings:** Once you're in the settings, look for options related to data collection, usage, and storage. These may be listed as ""privacy,"" ""data usage,"" or ""data sharing"" settings.
3. **Opt-out or Delete Data (if available):** If the platform offers an opt-out option, you can typically find it within the privacy or data usage settings. To delete your data, look for a ""delete account"" or ""delete data"" option.

**What the System Does in Response:**
1. **Privacy Settings Adjustment:** Once adjusted, the system should start respecting your preferences regarding data collection and usage.
2. **Opt-out:** If you opt out of data collection, the system will no longer collect information about your activities on the platform. However, this might limit certain features or services that rely on data collection.
3. **Deletion of Data:** Once you delete your data, the system should permanently remove all personal data associated with your account, effectively stopping ongoing data collection. Keep in mind that some data may still be stored for legal or technical reasons.",5,5,5,5,5,5.0
P3,gpt-4o,P3_gpt4o_gen2,"If you want to make sure your chat data isn't collected or stored, here’s what you can do:

- **Check Privacy Settings:**
  - Look for a privacy or data settings section in the app or website you’re using.
  - Some services let you adjust settings to limit data collection.

- **Opt-Out Options:**
  - Not all systems allow you to opt-out of data collection, but if available, it’s usually found in the privacy settings.
  - You might see options like “Do Not Track” or “Limit Data Collection.”

- **Make a Request:**
  - Some services let you send a request to not collect or delete your data.
  - This could be through a form, email, or a special request button in settings.

- **Check for Updates:**
  - Companies sometimes update their privacy policies, so keep an eye out for notices about changes.
  - They might introduce new ways to control your data.

- **Understand Limitations:**
  - Opting out might affect how well the service works.
  - Some features might not be available, or the service might not be as personalized.

- **Follow Instructions:**
  - If you choose to opt-out, follow the instructions carefully to make sure your choice is recorded.
  
- **System Response:**
  - If you successfully opt-out, the system should stop collecting your chat data.
  - The service might send you a confirmation that your choice has been recorded.

- **Regular Checks:**
  - Periodically check your settings to ensure your preferences are still active, especially after updates.

Remember, each service is different, so it’s important to check their specific privacy policies and settings.",5,5,5,5,5,5.0
P3,ollama_mistral,P3_ollama_gen2,"If you don't want the system to collect or store your chat data, here are some options for you:

1. **Read Privacy Policy and Terms of Service**: Before starting to use any service, it's important to read their privacy policy and terms of service. They will tell you what data they collect, how they use it, and whether they store it.

2. **Opt-out of Data Collection**: Some services allow users to opt-out of data collection. This means that you can choose not to have your data collected or stored. Here's how to do this:
   - Look for a ""Privacy Settings"" or similar section in the service's settings.
   - Find the option related to chat data collection and turn it off.

3. **Delete Account**: If a service doesn't allow you to opt-out of data collection, you might consider deleting your account. This will usually erase all the data associated with your account, including your chat data. Keep in mind that some services might keep certain information even after account deletion for legal reasons.

4. **Use an anonymous or privacy-focused service**: There are services designed to prioritize user privacy. These services typically don't require you to provide personal information and don't store your chat data. Examples include Signal, Threema, and Wire.

When you opt-out of data collection or delete your account:
- The system will stop collecting new chat data from you.
- If you've deleted your account, the service should erase your existing chat data (except in cases where they are required to keep it by law).

Keep in mind that opting out of data collection or deleting your account might limit the service you can access. For example, if you delete your account on a social media platform, you won't be able to use most features unless you create a new account. It's important to consider what services you need and whether you are comfortable with how they handle your data before making these decisions.",5,5,5,5,5,5.0
P3,gpt-4o,P3_gpt4o_gen3,"If you don't want the system to collect or store your chat data, here are some options you might have:

- **Check Privacy Settings:**
  - Look for privacy settings in the app or website you are using.
  - Some services have options to limit data collection or storage.
  
- **Opt-Out Requests:**
  - Contact customer support to ask if you can opt-out of data collection.
  - Some services allow you to send a request to not store your data.
  
- **Anonymous or Guest Mode:**
  - Use an anonymous or guest mode if available. This mode often doesn't save your data.
  
- **Service Limitations:**
  - Be aware that opting out might limit some features. For example, the service might not remember your preferences or past chats.
  
- **Deleting Data:**
  - Request to delete any data that has already been collected. This can sometimes be done through settings or by contacting support.

- **Read Privacy Policy:**
  - Always read the privacy policy to understand what data is collected and how you can control it.

When you take these actions, the system might:

- **Stop Collecting Data:**
  - If you successfully opt-out, the system will stop collecting or storing your chat data.
  
- **Adjust Features:**
  - Some features might not work as well without data collection, like personalized recommendations.
  
- **Confirm Changes:**
  - You might receive a confirmation that your data preferences have been updated.

Always remember to check the specific service's options and policies, as they can vary.",5,5,5,5,5,5.0
P3,ollama_mistral,P3_ollama_gen3,"Here's a simplified explanation for an 8th-grade reader about how to control chat data collection on popular platforms:

**For Facebook Messenger:**

1. **User's Options:** You can adjust your privacy settings to limit what information Facebook collects and stores during chats.
2. **How to Act On It:** Go to the Facebook Settings, then click ""Privacy,"" and select ""Your Facebook Information."" From there, you can manage your data storage.
3. **System's Response:** If you choose to delete data, Facebook will remove it from their servers but keep a backup for up to 90 days before deleting that as well. Note that deletion of data might affect certain features like suggesting friends or showing activity in your timeline.

**For Google (including Google Chat and Google Workspace):**

1. **User's Options:** You can control data storage by managing your Google Account settings.
2. **How to Act On It:** Visit google.com/account, sign in, then go to ""Data & personalization"" > ""Activity controls."" Here you can adjust what types of activity data are saved and for how long.
3. **System's Response:** If you choose to delete data, Google will remove it from their servers but might retain some information due to legal requirements or for improving services. Deleting data may limit the personalization of your experience on Google services.

**For Apple (including iMessage and Messages in iCloud):**

1. **User's Options:** You can turn off the iCloud backup for Messages and choose to keep messages on your device rather than storing them in iCloud.
2. **How to Act On It:** Go to ""Settings"" > [your name] > ""iCloud"" > ""Messages."" Turn off the switch for ""iMessage"" and ""Thread Grouping"" to disable iCloud backup and storage of messages.
3. **System's Response:** Disabling iCloud backup will only affect your iCloud storage, and you can still use Messages on your device as usual. However, this means that if something happens to your device, your messages might not be recoverable from iCloud.

**For Microsoft (including Skype and Microsoft Teams):**

1. **User's Options:** You can control the data stored in Microsoft services by adjusting your privacy settings.
2. **How to Act On It:** Go to account.microsoft.com, sign in, then go to ""Privacy"" > ""Communication."" Here you can manage the data Microsoft collects during chats and calls.
3. **System's Response:** If you choose to limit data collection, Microsoft might not be able to offer personalized services or suggestions based on your chat activity. However, the core functionalities of Skype and Teams should remain unaffected.",5,5,5,5,4,4.8
P4,gpt-4o,P4_gpt4o_gen1,"As a helpful assistant, I understand your concerns about data privacy. Here's a simple breakdown of how a chatbot service might handle data sharing with third parties:

1. **Data Sharing with Third Parties**:
   - Chatbot services often use third-party tools for various functions, such as processing queries (API providers) or monitoring performance (analytics tools).
   - Types of data shared may include:
     - **User Input**: Text or voice queries you send to the chatbot.
     - **Usage Data**: Information about how you interact with the chatbot, like session duration or frequency of use.
     - **Technical Data**: Device information, IP addresses, and other technical details.

2. **Purpose of Data Sharing**:
   - **Functionality**: To process and respond to your queries accurately (e.g., using APIs for language processing).
   - **Improvement**: To monitor and improve the service by analyzing user interactions.
   - **Security**: To identify and prevent fraudulent or malicious activities.

3. **User Control and Opt-out Options**:
   - Many services offer ways for users to manage or restrict data sharing. Here are common options:
     - **Privacy Settings**: Check if the service provides a privacy settings page where you can adjust data sharing preferences.
     - **Opt-out Links**: Look for links or instructions in the privacy policy that guide you on how to opt out of specific data sharing.
     - **Contact Support**: Reach out directly to customer support to inquire about data sharing practices and request restrictions if possible.
     - **Browser or Device Settings**: Use browser or device settings to limit data collection, like disabling cookies or using privacy-focused tools.
     - **Review Terms and Policies**: Regularly review the service's privacy policy and terms of service to stay informed about data usage and changes.

If you have specific concerns, it's always a good idea to contact the service provider directly to get detailed information tailored to your situation.",5,5,5,5,5,5.0
P4,ollama_mistral,P4_ollama_gen1,"Title: Data Sharing by Chatbot Services

- Your chatbot service may share some data with third parties for various reasons:
  - **API Providers**: These are companies that help the chatbot function properly. They might receive data about your interactions with the bot to improve their services.

  - **Monitoring Tools**: These tools help the developers monitor and manage the performance of the chatbot. They might collect information about how you use the service, such as usage patterns or error reports.

- The kind of data shared typically includes:
  - **Usage Data**: This could include details like the number of messages you send, the time spent interacting with the bot, and any errors encountered during your sessions.

  - **Personal Data**: Depending on how much personal information you provide to the chatbot, it might also share this data (name, email, etc.). However, it should only do so if you've given explicit consent for such sharing.

- The purpose of data sharing is primarily:
  - **Improving Service Quality**: To help providers make their services more efficient and user-friendly.

  - **Ensuring Service Reliability**: Monitoring tools help developers identify and fix issues that may affect the bot's performance or your experience.

- Most chatbot services provide options for users to manage or restrict data sharing:
  1. **Privacy Settings**: In the settings menu of the chatbot service, you should find options to adjust privacy preferences.

  2. **Opting Out**: If possible, you can opt out of having your data shared with third parties. Look for checkboxes during registration or in the settings that allow you to control this.

  3. **Data Deletion**: Some services let you delete your account and all associated data. Be sure to review their data retention policies before deleting your account.

Always make sure to read the chatbot service's privacy policy carefully to understand exactly how they handle user data. If you have any concerns or questions, don't hesitate to contact their customer support.",5,5,5,5,5,5.0
P4,gpt-4o,P4_gpt4o_gen2,"Certainly! Here's a plain English explanation of how your data might be shared with third parties by this chatbot service:

1. **Data Sharing with Third Parties**:
   - This chatbot service may share some of your data with third-party API providers and monitoring tools.
   - The purpose of sharing this data is generally to improve the service, provide features, or ensure the service runs smoothly.

2. **Types of Data Shared**:
   - **API Providers**: The chatbot might share some of your input data (like questions or commands you give) to external services that help process or enhance the responses.
   - **Monitoring Tools**: Data like usage patterns, error logs, and performance metrics might be shared to help monitor the service's health and performance.

3. **Purpose of Data Sharing**:
   - The main purposes include improving service quality, adding new features, and ensuring the chatbot operates efficiently and without issues.

4. **User Control and Opt-Out Options**:
   - Users typically have some control over data sharing. Here’s how you might manage or disable it:
     - **Privacy Settings**: Check the chatbot’s privacy settings for options to limit data sharing.
     - **Account Settings**: Look for an account dashboard where you can adjust what data is shared.
     - **Contact Support**: Reach out to the service's support team if you need help restricting data sharing or understanding your options.
     - **Review Terms and Policies**: Read the privacy policy or terms of service for specific instructions on opting out or restricting data sharing.

5. **Opt-Out Possibilities**:
   - Depending on the service, you might be able to opt out of certain data sharing practices entirely. This could be done through settings or by contacting the service.

6. **Important Considerations**:
   - Some data sharing may be essential for the service to function, and opting out might limit certain features or functionalities.

In summary, while some data sharing is common to enhance the chatbot’s performance, you usually have some options to manage or limit this sharing. Always check the service’s privacy policy for detailed guidance.",5,5,5,5,5,5.0
P4,ollama_mistral,P4_ollama_gen2,"Here's a simplified explanation:

- Data Sharing with Third Parties: Yes, some chatbot services may share your data with third parties like API providers or monitoring tools for various reasons.

  - Type of Data: The shared data might include conversation logs (messages exchanged between you and the bot), usage statistics, and other technical information needed to improve the service, comply with legal requirements, or provide personalized experiences.

  - Purpose: Third parties may use this data for improving their services, analytics, debugging, compliance, or offering targeted advertisements based on your interactions.

  - Opt-out/Restrict Sharing: Most chatbot services provide options for users to manage and restrict data sharing.

    - To check data sharing settings: Look for privacy policy, terms of service, or account settings within the chatbot interface or the associated website/app.

    - To opt out or restrict sharing: Look for options like disabling data processing for non-essential purposes (like targeted advertising), deleting your account, or adjusting privacy preferences to limit information shared with third parties.

    - Note that some settings may not be immediately available in the chatbot interface and may require accessing associated websites or apps to manage your data sharing preferences.

    - Remember that disabling data sharing may impact your experience with the chatbot, such as reduced functionality or personalization.",4,5,5,4,4,4.4
P4,gpt-4o,P4_gpt4o_gen3,"To determine whether a chatbot service shares your data with third parties, you would need to refer to the specific privacy policy or terms of service of that chatbot. However, generally speaking, here are common practices regarding data sharing with third parties:

1. **Data Sharing with API Providers:**
   - Some chatbots use third-party APIs to provide certain features, such as language processing or integration with other services.
   - **Types of Data Shared:** This may include the text of your interactions with the chatbot.
   - **Purpose:** The data is shared to enable the API provider to process the interaction and return a response.

2. **Data Sharing with Monitoring Tools:**
   - Chatbots may use monitoring tools to track performance, usage, or errors.
   - **Types of Data Shared:** This could include usage logs, error reports, or user interaction data.
   - **Purpose:** To improve service quality, identify issues, and enhance user experience.

3. **User Options to Manage or Restrict Data Sharing:**
   - **Review Privacy Settings:** Check if the service offers privacy settings that allow you to manage what data is collected or shared.
   - **Opt-Out Options:** Look for options to opt out of certain data sharing practices, often found in the privacy settings or preferences section.
   - **Contact Support:** Reach out to the service’s support team to inquire about data sharing practices and request restrictions if needed.
   - **Use Anonymity Features:** If available, use features that allow you to interact with the chatbot without logging in or providing personal information.
   - **Read Privacy Policy:** Carefully review the privacy policy to understand what data is shared and the options available to you.

Always consult the specific chatbot’s privacy documentation for precise details, as practices can vary widely between different services.",5,5,5,5,5,5.0
P4,ollama_mistral,P4_ollama_gen3,"Here's a breakdown in simple English:

- Sharing Data with Third Parties: Depending on the specific chatbot service you're using, there may be instances where your data is shared with third parties like API providers or monitoring tools for various reasons. This could include improving the service, analyzing user behavior, or integrating with other services.

- Type of Data Shared: The data shared typically includes information about how you interact with the chatbot, such as the questions you ask, your responses, and the time and date of your interactions. In some cases, personal details like your username or email address might also be shared, but this would depend on the service's specific policies.

- Purpose of Sharing: The primary purpose for sharing data is to improve the chatbot's performance, understand user preferences, and provide a better overall experience. Additionally, it may help in troubleshooting issues, maintaining service quality, and complying with legal requirements.

- Opting Out or Restricting Sharing: Most services offer options for users to manage their data privacy settings. Here's how you might be able to do this:
  - Check the service's Privacy Policy: This document outlines what data is collected, why it's collected, and how it's shared. Look for information about opting out of data sharing or restricting its use.
  - Account Settings: Many services allow you to adjust your privacy settings within your account. Check if there are options to limit the data you share or disable certain integrations with third parties.
  - Contact Support: If you can't find privacy settings, reach out to the service's support team for assistance. They should be able to explain how to manage your data sharing preferences.",5,5,5,5,5,5.0
P5,gpt-4o,P5_gpt4o_gen1,"When you refuse to accept a privacy policy or data use consent for a service, there are several potential outcomes and considerations. Here's a breakdown:

### What Happens After Refusal

- **Limited Access**: 
  - Many services require you to accept their privacy policy to use the service fully. If you refuse, you might be denied access entirely.
  - Some services may allow limited or guest access without full acceptance, but features will likely be restricted.

- **Feature Restrictions**:
  - **Core Features**: Core functionalities may not be accessible. For example, you might not be able to create an account, save progress, or access personalized content.
  - **Data-Driven Features**: Features that rely on personal data, like recommendations or custom settings, will likely be unavailable.

- **Service Denial**:
  - In some cases, refusal to consent to data use means you cannot use the service at all. Companies often require data use to provide their services effectively.

### Alternatives

- **Read-Only or Public Access**: 
  - Some services offer a read-only or public mode where you can access content without personalization or account creation.

- **Competitor Services**:
  - Look for alternative services with more lenient privacy policies or different data practices that align better with your preferences.

- **Open-Source Options**:
  - Consider using open-source platforms that might offer greater privacy and control over data.

### Changing or Withdrawing Your Decision

- **Privacy Settings**:
  - Most services have privacy settings where you can review and change your data sharing preferences. This is usually found in your account settings under “Privacy” or “Data Preferences”.

- **Request for Data Deletion**:
  - If you initially accepted and later change your mind, you can request data deletion or account closure. Look for a “Delete Account” or “Data Deletion” option in your account settings.

- **Contact Support**:
  - If you’re unable to find options to change your consent preferences, contact the service’s customer support for assistance.

- **Review Policy Regularly**: 
  - Privacy policies can change. Regularly review any updates to ensure they still align with your preferences.

### Conclusion

Refusing consent typically limits your access to a service or its features. Always review and understand the privacy policy and terms of service. If privacy is a primary concern, consider alternative services that offer more control over data use.",5,5,5,5,3,4.6
P5,ollama_mistral,P5_ollama_gen1,"Here's a breakdown of what might happen if you do not accept the privacy policy or refuse data usage consent:

1. **Service Limitations:** Depending on the service, certain features may be limited or unavailable for use. The specific services that are affected will vary from platform to platform, but they might include personalized recommendations, account creation, or accessing certain content.

2. **Account Creation and Login:** In some cases, you might not be able to create an account or log in if you do not agree to the privacy policy. This could limit your ability to save preferences, access purchased content, or use multi-device functionality.

3. **Data Collection:** By refusing data usage consent, you are preventing the service from collecting and using data about your behavior on the platform. However, some data (such as your IP address) may still be collected for technical reasons like ensuring security and maintaining basic site functionality.

4. **Personalized Advertising:** If you do not accept the privacy policy, you might see less targeted or more generic advertising because personalized ads are often based on user data and preferences.

5. **Withdrawing Consent:** Most platforms allow users to change or withdraw their decisions regarding data usage consent at any time. To find out how to do this, check the service's privacy settings or contact their support team. Keep in mind that once you agree to a privacy policy, your past data usage may still be stored and processed according to the terms previously agreed upon.

6. **Alternatives:** If you are unable or unwilling to use certain features due to privacy concerns, it might be worth exploring alternative services that prioritize user privacy. Some examples include DuckDuckGo (search engine), ProtonMail (email service), and Nextcloud (personal cloud storage). However, these alternatives may have different feature sets and user interfaces compared to more popular services.",5,5,5,5,4,4.8
P5,gpt-4o,P5_gpt4o_gen2,"When you refuse to accept a privacy policy or decline data use consent for a service, several things can happen. Here’s a clear breakdown of what you can typically expect:

1. **Limited Access or Functionality:**
   - **Complete Denial:** Some services may completely deny access if you do not agree to their privacy policy or terms of service, as acceptance is often a requirement for use.
   - **Partial Access:** Other services might allow you to use basic features but restrict more advanced or personalized functionalities that require data processing.

2. **Features Affected:**
   - **Personalized Content:** Features like personalized recommendations, targeted ads, or customized experiences might be unavailable without consent.
   - **Data-Dependent Services:** Functions that rely heavily on personal data, such as location-based services or social sharing, may be disabled.

3. **Alternatives:**
   - **Guest Access:** Some platforms offer limited guest access without full features, allowing basic use without signing in or accepting policies.
   - **Privacy-Focused Services:** Consider using alternative services or apps that prioritize user privacy and require minimal data sharing.

4. **Changing or Withdrawing Consent:**
   - **Settings Access:** Many services allow you to change your consent preferences through account settings or privacy dashboards.
   - **Contact Support:** You can often contact customer support for assistance in adjusting your privacy settings or to understand your options.
   - **Data Deletion:** If you decide to withdraw consent, you may also request data deletion, though this might affect the services you can use.

5. **Legal and Regional Considerations:**
   - **Regulatory Compliance:** In some regions, laws like GDPR in the EU require companies to provide options for users to refuse data collection while still accessing essential services, though not all functionalities might be available.

Always check the specific service's privacy policy and terms for detailed information on how refusal impacts your access and options for managing your data preferences.",5,5,5,5,4,4.8
P5,ollama_mistral,P5_ollama_gen2,"Here's a breakdown of what might happen when you refuse data use consent or do not accept the privacy policy in a typical online service:

- **Limited Service Access:** The service may limit or restrict your access to certain features that require personal data usage. For example, you might not be able to create an account, use personalized recommendations, or interact with other users.

- **Anonymous Usage:** In some cases, you can still use the service in a limited anonymous capacity. However, this may mean losing out on features tailored to your preferences.

- **Cookies and Tracking:** Refusing data use consent usually means that cookies used for tracking and personalization purposes will be blocked. This might affect the user experience as some functionalities could be less intuitive or relevant.

- **Alternatives:** To fully opt out of data collection, you may want to consider using alternative services that prioritize privacy and offer features compatible with your preferences. Researching such platforms can help you find a service that aligns better with your privacy concerns.

- **Withdrawal or Change:** Users usually have the option to change their mind about data usage consent at any time by adjusting their account settings. This could involve revisiting the privacy policy and updating your preferences accordingly. Keep in mind that changes might not take immediate effect, and some features may still require personal data until then.

- **Opting Out:** If you decide to completely opt out of a service, you should be able to delete your account or personal data associated with it according to the platform's privacy policy. However, this will likely result in losing any saved preferences, progress, and access to personalized features.",5,5,5,5,4,4.8
P5,gpt-4o,P5_gpt4o_gen3,"When you refuse to accept a privacy policy or do not give consent for data use, what happens can vary depending on the service or app you are using. Here’s a general guide to understanding the potential outcomes:

### What Happens After Refusal:
- **Service Access**: 
  - Some services may restrict access entirely if you do not accept their privacy policy or consent to data use, as these are often required for the service to function properly.
  - Other services may allow limited access, offering you the ability to use basic features but restricting more advanced ones.

### Features Affected:
- **Basic vs. Advanced Features**:
  - **Basic Features**: You might still be able to use minimal or essential parts of the service that do not require data processing.
  - **Advanced Features**: Features that require personal data collection and processing (like personalized recommendations, location-based services, etc.) might be inaccessible.

### Alternatives:
- **Alternative Services**: 
  - Look for services that offer similar functionality but have more flexible data use policies or don’t require extensive personal data.
  - Open-source or privacy-focused alternatives might be available that prioritize user privacy and data protection.

### Changing or Withdrawing Decisions Later:
- **Account Settings**:
  - Many services allow you to change your privacy settings or withdraw consent through your account settings. Look for sections labeled ""privacy,"" ""data preferences,"" or ""consent management.""
  
- **Contact Support**:
  - If settings are not easily found, contact customer support for guidance on how to update your consent preferences.

- **Re-acceptance**:
  - You can often re-accept the privacy policy or give consent later if you initially refused, allowing access to full functionality once you’re comfortable with the terms.

### Important Considerations:
- **Legal Requirements**: 
  - Services often require compliance with legal standards like GDPR or CCPA, which means they must provide clear information on data use and allow for certain user rights regarding data consent.
  
- **Read Carefully**: 
  - Before refusing, review what data is being collected and how it’s used. Sometimes, consent is necessary for the service to operate securely or efficiently.

Remember, it’s always important to balance the service benefits with your comfort level regarding privacy and data use.",5,5,5,5,4,4.8
P5,ollama_mistral,P5_ollama_gen3,"If you choose not to accept the privacy policy or refuse data usage consent on a platform:

* You may still be able to access certain parts of the service that do not require personal data, but some functionalities might be limited or unavailable.
* Features that are likely to be affected include:
	1. Personalized recommendations and content (e.g., targeted advertisements)
	2. Account creation and login services
	3. Saving user preferences and settings
	4. Data-driven analytics for improving the service experience

To change or withdraw your decision, you can typically find an option within the account settings or privacy policy section of the platform to modify your consent preferences. However:

* In some cases, once you have accepted the terms, you might need to create a new account if you wish to revoke your consent and use the service without it in the future.
* If you delete your account entirely, all personal data associated with your account will be erased, which may lead to loss of any saved progress or preferences.",4,5,5,4,3,4.2
